rank,prev_rank,name,league,off,def,spi
1,1,Manchester City,Barclays Premier League,3.03,0.27,93.45
2,2,Liverpool,Barclays Premier League,2.9,0.24,93.26
3,3,Bayern Munich,German Bundesliga,3.41,0.59,91.63
4,4,Chelsea,Barclays Premier League,2.45,0.33,88.35
5,5,Paris Saint-Germain,French Ligue 1,2.79,0.65,85.82
6,6,Real Madrid,Spanish Primera Division,2.73,0.64,85.5
7,7,Ajax,Dutch Eredivisie,3.05,0.88,84.56
8,8,Barcelona,Spanish Primera Division,2.37,0.5,84.32
9,9,Tottenham Hotspur,Barclays Premier League,2.45,0.56,84.1
10,10,Internazionale,Italy Serie A,2.53,0.71,82.1
11,11,RB Leipzig,German Bundesliga,2.45,0.67,81.83
12,12,FC Porto,Portuguese Liga,2.33,0.6,81.6
13,13,FC Salzburg,Austrian T-Mobile Bundesliga,2.46,0.69,81.54
14,14,Borussia Dortmund,German Bundesliga,2.6,0.8,81.09
15,15,Atletico Madrid,Spanish Primera Division,2.01,0.47,80.37
16,16,Arsenal,Barclays Premier League,2.2,0.59,80.18
17,17,Villarreal,Spanish Primera Division,2.25,0.63,80.05
18,18,Brighton and Hove Albion,Barclays Premier League,2.08,0.52,80.03
19,19,AC Milan,Italy Serie A,2.11,0.54,80.03
20,20,Sporting CP,Portuguese Liga,2.17,0.59,79.84
21,21,Bayer Leverkusen,German Bundesliga,2.34,0.8,77.76
22,22,Napoli,Italy Serie A,2.18,0.73,76.96
23,23,Real Sociedad,Spanish Primera Division,1.91,0.55,76.87
24,24,Atalanta,Italy Serie A,2.28,0.81,76.54
25,25,Crystal Palace,Barclays Premier League,1.88,0.55,76.48
26,26,Aston Villa,Barclays Premier League,2.02,0.65,76.22
27,27,Athletic Bilbao,Spanish Primera Division,1.88,0.56,76.17
28,28,AS Roma,Italy Serie A,1.93,0.6,75.94
29,29,Benfica,Portuguese Liga,2.16,0.79,75.32
30,30,Feyenoord,Dutch Eredivisie,2.35,0.93,75.13
31,31,1. FC Union Berlin,German Bundesliga,2.0,0.69,74.94
32,32,Manchester United,Barclays Premier League,2.07,0.75,74.67
33,33,Celta Vigo,Spanish Primera Division,1.85,0.63,74.06
34,34,Real Betis,Spanish Primera Division,1.88,0.68,73.36
35,35,Lazio,Italy Serie A,2.22,0.92,73.27
36,36,Sevilla FC,Spanish Primera Division,1.74,0.58,73.15
37,37,West Ham United,Barclays Premier League,1.98,0.76,73.02
38,38,AS Monaco,French Ligue 1,2.08,0.84,72.95
39,39,Mainz,German Bundesliga,2.06,0.84,72.55
40,40,Celtic,Scottish Premiership,2.2,0.95,72.43
41,41,Brentford,Barclays Premier League,1.99,0.79,72.4
42,42,Fiorentina,Italy Serie A,1.95,0.77,72.18
43,43,Lyon,French Ligue 1,2.24,0.99,72.04
44,44,Stade Rennes,French Ligue 1,2.04,0.86,71.73
45,45,Newcastle,Barclays Premier League,1.84,0.71,71.71
46,46,Borussia Monchengladbach,German Bundesliga,2.3,1.07,71.33
47,47,Leicester City,Barclays Premier League,1.98,0.83,71.31
48,48,Strasbourg,French Ligue 1,1.84,0.75,70.84
49,49,PSV,Dutch Eredivisie,2.36,1.14,70.81
50,50,Zenit St Petersburg,Russian Premier Liga,1.99,0.87,70.6
51,51,FC Cologne,German Bundesliga,2.04,0.91,70.45
52,52,SC Freiburg,German Bundesliga,2.14,1.0,70.26
53,53,Rangers,Scottish Premiership,2.03,0.91,70.25
54,54,Marseille,French Ligue 1,1.8,0.75,70.22
55,55,Wolverhampton,Barclays Premier League,1.78,0.76,69.58
56,56,Lille,French Ligue 1,1.71,0.7,69.53
57,57,VfL Wolfsburg,German Bundesliga,1.96,0.91,69.11
58,58,Valencia,Spanish Primera Division,1.7,0.72,68.99
59,59,Getafe,Spanish Primera Division,1.5,0.58,68.74
60,60,Eintracht Frankfurt,German Bundesliga,1.88,0.87,68.66
61,61,Juventus,Italy Serie A,1.89,0.88,68.42
62,62,Torino,Italy Serie A,1.72,0.77,67.89
63,63,TSG Hoffenheim,German Bundesliga,2.17,1.14,67.7
64,64,Rayo Vallecano,Spanish Primera Division,1.71,0.79,67.4
65,65,Lens,French Ligue 1,1.76,0.85,66.76
66,66,Osasuna,Spanish Primera Division,1.65,0.78,66.57
67,67,Cadiz,Spanish Primera Division,1.71,0.84,66.06
68,68,Verona,Italy Serie A,1.88,0.98,66.06
69,69,Club Brugge,Belgian Jupiler League,1.96,1.04,66.04
70,70,VfB Stuttgart,German Bundesliga,1.94,1.03,65.96
71,71,FC Twente,Dutch Eredivisie,1.82,0.95,65.59
72,72,Dinamo Zagreb,UEFA Europa League,1.83,0.98,64.93
73,73,Slavia Prague,UEFA Europa Conference League,1.9,1.07,64.29
74,74,Levante,Spanish Primera Division,1.99,1.16,64.13
75,75,Fulham,English League Championship,1.81,1.0,64.11
76,78,Burnley,Barclays Premier League,1.7,0.93,63.73
77,79,Shakhtar Donetsk,UEFA Champions League,1.96,1.14,63.71
78,80,Everton,Barclays Premier League,1.77,0.99,63.69
79,76,Palmeiras,Brasileiro Série A,1.64,0.88,63.68
80,81,AZ,Dutch Eredivisie,1.94,1.14,63.31
81,82,Nice,French Ligue 1,1.62,0.88,63.17
82,83,Leeds United,Barclays Premier League,1.84,1.07,63.04
83,84,Atletico Mineiro,Brasileiro Série A,1.63,0.91,62.66
84,85,VfL Bochum,German Bundesliga,1.8,1.05,62.65
85,86,Braga,Portuguese Liga,1.55,0.87,62.17
86,77,Flamengo,Brasileiro Série A,1.64,0.95,61.96
87,87,Southampton,Barclays Premier League,1.82,1.1,61.93
88,88,Fenerbahce,Turkish Turkcell Super Lig,1.8,1.09,61.72
89,89,FC Augsburg,German Bundesliga,1.79,1.09,61.45
90,90,Elche,Spanish Primera Division,1.62,0.95,61.39
91,91,KAA Gent,Belgian Jupiler League,1.55,0.89,61.35
92,92,River Plate,Argentina Primera Division,1.61,0.95,61.26
93,93,Monterrey,Mexican Primera Division Torneo Clausura,1.59,0.94,61.06
94,94,Sassuolo,Italy Serie A,2.05,1.35,61.05
95,95,Udinese,Italy Serie A,1.81,1.14,60.94
96,96,Olympiacos,Greek Super League,1.61,0.99,60.36
97,97,Anderlecht,Belgian Jupiler League,1.75,1.11,60.35
98,98,Espanyol,Spanish Primera Division,1.57,0.97,60.08
99,99,Nantes,French Ligue 1,1.65,1.04,59.95
100,100,Genk,Belgian Jupiler League,1.82,1.2,59.81
101,101,Tigres UANL,Mexican Primera Division Torneo Clausura,1.7,1.1,59.55
102,102,FC Copenhagen,Danish SAS-Ligaen,1.63,1.05,59.26
103,103,FC Utrecht,Dutch Eredivisie,1.86,1.26,59.12
104,104,Hertha Berlin,German Bundesliga,1.65,1.08,59.12
105,105,Sochi,Russian Premier Liga,1.61,1.04,59.0
106,106,Club América,Mexican Primera Division Torneo Clausura,1.54,0.98,58.95
107,107,AFC Bournemouth,English League Championship,1.56,1.0,58.93
108,108,Dynamo Kiev,UEFA Champions League,1.66,1.09,58.89
109,109,Mallorca,Spanish Primera Division,1.62,1.06,58.85
110,110,Bologna,Italy Serie A,1.66,1.1,58.64
111,111,Guimaraes,Portuguese Liga,1.54,1.01,58.1
112,112,FC Midtjylland,Danish SAS-Ligaen,1.8,1.26,57.91
113,113,Granada,Spanish Primera Division,1.65,1.14,57.66
114,115,Reims,French Ligue 1,1.43,0.95,57.12
115,114,São Paulo,Brasileiro Série A,1.44,0.96,57.01
116,116,Young Boys,Swiss Raiffeisen Super League,2.02,1.51,56.91
117,117,Union Saint Gilloise,Belgian Jupiler League,1.51,1.04,56.71
118,118,Nottingham Forest,English League Championship,1.45,0.99,56.51
119,119,Red Star Belgrade,UEFA Europa League,1.69,1.22,56.42
120,120,Pachuca,Mexican Primera Division Torneo Clausura,1.58,1.13,56.12
121,121,Boca Juniors,Argentina Primera Division,1.39,0.96,55.99
122,122,New York City FC,Major League Soccer,1.65,1.21,55.84
123,123,Alavés,Spanish Primera Division,1.54,1.12,55.62
124,124,Sampdoria,Italy Serie A,1.59,1.17,55.47
125,125,Trabzonspor,Turkish Turkcell Super Lig,1.61,1.19,55.41
126,126,Sheffield United,English League Championship,1.46,1.05,55.32
127,127,Watford,Barclays Premier League,1.59,1.18,55.31
128,128,Sparta Prague,UEFA Europa League,1.61,1.2,55.28
129,129,Angers,French Ligue 1,1.42,1.02,55.25
130,130,Vitesse,Dutch Eredivisie,1.62,1.22,54.99
131,131,Toulouse,French Ligue 2,1.65,1.28,54.41
132,132,CSKA Moscow,Russian Premier Liga,1.4,1.04,54.36
133,133,Ferencvaros,UEFA Europa League,1.62,1.25,54.15
134,134,Troyes,French Ligue 1,1.39,1.05,53.7
135,135,Famalicao,Portuguese Liga,1.5,1.16,53.68
136,138,Corinthians,Brasileiro Série A,1.31,0.98,53.58
137,136,Gil Vicente,Portuguese Liga,1.46,1.13,53.53
138,137,FC Krasnodar,Russian Premier Liga,1.39,1.06,53.5
139,139,Genoa,Italy Serie A,1.41,1.09,53.37
140,140,Molde,Norwegian Tippeligaen,1.8,1.47,53.21
141,141,Cruz Azul,Mexican Primera Division Torneo Clausura,1.32,1.01,53.18
142,142,Bodo/Glimt,Norwegian Tippeligaen,1.73,1.41,53.12
143,153,Internacional,Brasileiro Série A,1.39,1.08,52.94
144,143,Brest,French Ligue 1,1.54,1.24,52.81
145,145,Spartak Moscow,Russian Premier Liga,1.47,1.2,52.14
146,146,Clermont Foot,French Ligue 1,1.44,1.16,52.09
147,147,Los Angeles FC,Major League Soccer,1.72,1.45,52.08
148,148,Yokohama F. Marinos,Japanese J League,1.64,1.37,51.99
149,149,Lorient,French Ligue 1,1.39,1.13,51.88
150,150,Basel,Swiss Raiffeisen Super League,1.62,1.35,51.8
151,151,Atlas,Mexican Primera Division Torneo Clausura,1.37,1.11,51.73
152,152,Cagliari,Italy Serie A,1.52,1.26,51.71
153,154,Istanbul Basaksehir,Turkish Turkcell Super Lig,1.37,1.13,51.53
154,155,SK Sturm Graz,Austrian T-Mobile Bundesliga,1.7,1.46,51.28
155,144,Bragantino,Brasileiro Série A,1.32,1.09,51.05
156,157,SpVgg Greuther Fürth,German Bundesliga,1.42,1.2,51.04
157,158,FC Zurich,Swiss Raiffeisen Super League,1.74,1.52,50.72
158,159,Coventry City,English League Championship,1.5,1.29,50.59
159,156,Fluminense,Brasileiro Série A,1.22,1.01,50.52
160,173,Santos,Brasileiro Série A,1.28,1.08,50.45
161,160,West Bromwich Albion,English League Championship,1.25,1.05,50.42
162,161,FK Partizan Belgrade,UEFA Europa Conference League,1.42,1.22,50.35
163,162,Santos Laguna,Mexican Primera Division Torneo Clausura,1.48,1.29,50.28
164,163,Maccabi Tel-Aviv,UEFA Europa Conference League,1.3,1.11,50.21
165,165,Empoli,Italy Serie A,1.63,1.45,50.16
166,166,PAOK Salonika,Greek Super League,1.25,1.06,50.15
167,167,Panathinaikos,Greek Super League,1.14,0.95,49.89
168,168,Legia Warsaw,UEFA Europa League,1.43,1.26,49.78
169,169,Guadalajara,Mexican Primera Division Torneo Clausura,1.3,1.13,49.61
170,170,Montpellier,French Ligue 1,1.44,1.27,49.58
171,171,Santa Clara,Portuguese Liga,1.29,1.13,49.53
172,172,Rapid Vienna,Austrian T-Mobile Bundesliga,1.46,1.29,49.51
173,174,Arminia Bielefeld,German Bundesliga,1.45,1.3,49.41
174,164,Atlético Paranaense,Brasileiro Série A,1.22,1.07,49.29
175,175,Defensa y Justicia,Argentina Primera Division,1.34,1.19,49.27
176,176,Kasimpasa,Turkish Turkcell Super Lig,1.78,1.66,48.76
177,177,Spezia,Italy Serie A,1.51,1.39,48.7
178,178,Schalke 04,German 2. Bundesliga,1.66,1.54,48.61
179,179,América Mineiro,Brasileiro Série A,1.23,1.11,48.53
180,180,Hamburg SV,German 2. Bundesliga,1.59,1.48,48.37
181,181,Dinamo Moscow,Russian Premier Liga,1.48,1.38,48.07
182,197,Ceará,Brasileiro Série A,1.24,1.14,48.06
183,182,FK Austria Vienna,Austrian T-Mobile Bundesliga,1.39,1.3,47.96
184,183,St Etienne,French Ligue 1,1.4,1.3,47.88
185,184,Werder Bremen,German 2. Bundesliga,1.59,1.51,47.72
186,185,FC Sheriff Tiraspol,UEFA Europa League,1.49,1.41,47.71
187,193,Fortaleza,Brasileiro Série A,1.19,1.1,47.66
188,186,Besiktas,Turkish Turkcell Super Lig,1.44,1.37,47.64
189,187,St Gallen,Swiss Raiffeisen Super League,1.75,1.69,47.57
190,188,LASK Linz,Austrian T-Mobile Bundesliga,1.49,1.42,47.54
191,189,Kawasaki Frontale,Japanese J League,1.39,1.31,47.41
192,190,Philadelphia Union,Major League Soccer,1.38,1.32,47.31
193,191,Lokomotiv Moscow,Russian Premier Liga,1.34,1.27,47.28
194,192,New York Red Bulls,Major League Soccer,1.39,1.33,47.17
195,194,Heerenveen,Dutch Eredivisie,1.47,1.41,47.1
196,195,Salernitana,Italy Serie A,1.48,1.42,47.09
197,196,Norwich City,Barclays Premier League,1.47,1.42,47.05
198,198,Antwerp,Belgian Jupiler League,1.28,1.23,46.87
199,199,Sporting de Charleroi,Belgian Jupiler League,1.52,1.48,46.79
200,200,Middlesbrough,English League Championship,1.23,1.18,46.74
201,201,Velez Sarsfield,Argentina Primera Division,1.15,1.09,46.64
202,202,Rosenborg,Norwegian Tippeligaen,1.54,1.52,46.57
203,203,Silkeborg,Danish SAS-Ligaen,1.48,1.47,46.4
204,204,Bordeaux,French Ligue 1,1.5,1.48,46.25
205,205,Monza,Italy Serie B,1.37,1.36,46.02
206,206,Puebla,Mexican Primera Division Torneo Clausura,1.36,1.35,45.96
207,207,Preston North End,English League Championship,1.26,1.25,45.95
208,208,León,Mexican Primera Division Torneo Clausura,1.36,1.36,45.94
209,209,St. Truidense,Belgian Jupiler League,1.24,1.23,45.9
210,210,Anorthosis Famagusta,UEFA Europa Conference League,1.27,1.26,45.86
211,211,Galatasaray,Turkish Turkcell Super Lig,1.36,1.36,45.85
212,212,Antalyaspor,Turkish Turkcell Super Lig,1.37,1.38,45.77
213,213,Alanyaspor,Turkish Turkcell Super Lig,1.56,1.58,45.73
214,214,FK Qarabag,UEFA Europa Conference League,1.4,1.4,45.72
215,215,Krylia Sovetov,Russian Premier Liga,1.27,1.27,45.69
216,216,Boavista,Portuguese Liga,1.23,1.22,45.62
217,217,Stoke City,English League Championship,1.16,1.15,45.6
218,218,AEK Athens,Greek Super League,1.34,1.35,45.47
219,219,SV Darmstadt 98,German 2. Bundesliga,1.56,1.59,45.39
220,220,Kashima Antlers,Japanese J League,1.47,1.5,45.29
221,221,New England Revolution,Major League Soccer,1.57,1.61,45.27
222,222,Millwall,English League Championship,1.24,1.25,45.27
223,223,NEC,Dutch Eredivisie,1.42,1.46,45.12
224,224,Konyaspor,Turkish Turkcell Super Lig,1.47,1.52,45.09
225,225,Terek Grozny,Russian Premier Liga,1.14,1.15,45.08
226,226,Portimonense,Portuguese Liga,1.16,1.18,44.74
227,234,Coritiba,Brasileiro Série A,1.28,1.33,44.6
228,227,Luton Town,English League Championship,1.17,1.2,44.59
229,228,Vizela,Portuguese Liga,1.3,1.35,44.58
230,229,Maritimo,Portuguese Liga,1.18,1.22,44.54
231,230,FC Dallas,Major League Soccer,1.41,1.47,44.5
232,231,Rostov,Russian Premier Liga,1.39,1.46,44.31
233,232,Atlético San Luis,Mexican Primera Division Torneo Clausura,1.36,1.42,44.31
234,233,CSKA Sofia,UEFA Europa Conference League,1.12,1.17,44.21
235,235,Moreirense,Portuguese Liga,1.15,1.2,44.16
236,236,Huddersfield Town,English League Championship,1.13,1.18,44.13
237,237,FC Groningen,Dutch Eredivisie,1.38,1.46,44.09
238,238,Viking FK,Norwegian Tippeligaen,1.51,1.61,44.08
239,239,Cercle Brugge,Belgian Jupiler League,1.35,1.43,44.05
240,240,Aris Salonika,Greek Super League,1.02,1.07,44.01
241,241,Columbus Crew,Major League Soccer,1.38,1.47,43.78
242,243,Blackburn,English League Championship,1.11,1.18,43.69
243,244,Lillestrom,Norwegian Tippeligaen,1.39,1.49,43.65
244,245,Estudiantes,Argentina Primera Division,1.25,1.34,43.62
245,246,Heracles,Dutch Eredivisie,1.31,1.41,43.57
246,247,Blackpool,English League Championship,1.23,1.33,43.45
247,248,Pumas Unam,Mexican Primera Division Torneo Clausura,1.18,1.27,43.34
248,249,CFR 1907 Cluj,UEFA Europa Conference League,1.26,1.37,43.25
249,250,Nashville SC,Major League Soccer,1.27,1.38,43.17
250,251,Wolfsberger AC,Austrian T-Mobile Bundesliga,1.46,1.61,42.97
251,252,Argentinos Juniors,Argentina Primera Division,1.07,1.16,42.97
252,253,FC Arouca,Portuguese Liga,1.13,1.23,42.95
253,254,Almeria,Spanish Segunda Division,1.19,1.3,42.93
254,255,Los Angeles Galaxy,Major League Soccer,1.36,1.49,42.87
255,256,Estoril Praia,Portuguese Liga,1.16,1.27,42.76
256,257,Brondby,Danish SAS-Ligaen,1.24,1.36,42.67
257,258,Guangzhou Evergrande,Chinese Super League,1.43,1.59,42.61
258,259,Mazatlán FC,Mexican Primera Division Torneo Clausura,1.2,1.32,42.6
259,260,Atlanta United FC,Major League Soccer,1.4,1.55,42.6
260,261,Omonia Nicosia,UEFA Europa Conference League,1.32,1.47,42.46
261,262,Hearts,Scottish Premiership,1.28,1.44,42.27
262,263,PEC Zwolle,Dutch Eredivisie,1.31,1.47,42.13
263,242,Botafogo,Brasileiro Série A,1.18,1.33,42.04
264,264,Adana Demirspor,Turkish Turkcell Super Lig,1.3,1.47,42.0
265,265,Pacos Ferreira,Portuguese Liga,1.08,1.22,41.95
266,266,Sivasspor,Turkish Turkcell Super Lig,1.3,1.47,41.94
267,267,Urawa Red Diamonds,Japanese J League,1.08,1.22,41.89
268,268,F.B.C Unione Venezia,Italy Serie A,1.41,1.6,41.89
269,270,Ludogorets,UEFA Europa League,1.29,1.46,41.74
270,271,Talleres de Córdoba,Argentina Primera Division,1.15,1.3,41.74
271,272,Real Valladolid,Spanish Segunda Division,1.24,1.41,41.72
272,269,Atlético Goianiense,Brasileiro Série A,1.06,1.2,41.69
273,273,Union Santa Fe,Argentina Primera Division,1.04,1.19,41.6
274,274,Cardiff City,English League Championship,1.06,1.21,41.5
275,275,Lanus,Argentina Primera Division,1.36,1.57,41.35
276,291,Juventude,Brasileiro Série A,1.04,1.2,41.3
277,276,Necaxa,Mexican Primera Division Torneo Clausura,1.12,1.3,41.22
278,277,Metz,French Ligue 1,1.15,1.33,41.2
279,278,Ural Sverdlovsk Oblast,Russian Premier Liga,1.0,1.16,41.11
280,279,Queens Park Rangers,English League Championship,1.16,1.35,41.06
281,280,Colorado Rapids,Major League Soccer,1.23,1.43,41.05
282,281,Lecce,Italy Serie B,1.1,1.28,41.0
283,282,Querétaro,Mexican Primera Division Torneo Clausura,1.13,1.32,41.0
284,283,Cerezo Osaka,Japanese J League,1.19,1.39,40.98
285,284,Hammarby,Swedish Allsvenskan,1.4,1.64,40.98
286,285,CA Independiente,Argentina Primera Division,1.02,1.19,40.97
287,286,RKC,Dutch Eredivisie,1.32,1.55,40.92
288,287,Seattle Sounders FC,Major League Soccer,1.29,1.51,40.75
289,288,Djurgardens IF,Swedish Allsvenskan,1.26,1.48,40.75
290,289,Auxerre,French Ligue 2,1.19,1.4,40.72
291,290,Sparta,Dutch Eredivisie,1.21,1.43,40.68
292,292,Malmo FF,Swedish Allsvenskan,1.17,1.38,40.59
293,293,Slovan Bratislava,UEFA Europa Conference League,1.16,1.37,40.52
294,294,Girona FC,Spanish Segunda Division,1.04,1.24,40.24
295,295,Montreal Impact,Major League Soccer,1.34,1.6,40.22
296,296,Benevento,Italy Serie B,1.14,1.36,40.2
297,297,Banfield,Argentina Primera Division,1.01,1.22,40.1
298,320,Goiás,Brasileiro Série A,1.17,1.41,40.06
299,298,Huracán,Argentina Primera Division,1.02,1.24,40.05
300,299,Minnesota United FC,Major League Soccer,1.29,1.57,39.8
301,300,Avaí,Brasileiro Série A,1.13,1.38,39.7
302,301,Go Ahead Eagles,Dutch Eredivisie,1.23,1.51,39.52
303,302,Bristol City,English League Championship,1.28,1.57,39.49
304,303,AaB,Danish SAS-Ligaen,1.33,1.62,39.45
305,304,Sanfrecce Hiroshima,Japanese J League,1.08,1.33,39.43
306,305,KV Mechelen,Belgian Jupiler League,1.45,1.77,39.4
307,306,FC Luzern,Swiss Raiffeisen Super League,1.42,1.74,39.29
308,307,FC Khimki,Russian Premier Liga,1.14,1.41,39.27
309,308,Willem II,Dutch Eredivisie,1.21,1.5,39.14
310,310,Derby County,English League Championship,1.01,1.27,39.04
311,311,Beijing Guoan,Chinese Super League,1.33,1.64,39.02
312,309,Cuiaba,Brasileiro Série A,1.03,1.29,39.02
313,312,Fortuna Düsseldorf,German 2. Bundesliga,1.14,1.43,38.95
314,314,Paris FC,French Ligue 2,1.08,1.36,38.84
315,315,Parma,Italy Serie B,1.08,1.36,38.77
316,316,Brescia,Italy Serie B,1.08,1.36,38.73
317,313,Real Salt Lake,Major League Soccer,1.19,1.5,38.73
318,317,Tijuana,Mexican Primera Division Torneo Clausura,1.17,1.48,38.71
319,318,Shanghai SIPG,Chinese Super League,1.25,1.57,38.6
320,319,Austin FC,Major League Soccer,1.35,1.7,38.58
321,321,FC Zorya Luhansk,UEFA Europa Conference League,1.1,1.41,38.34
322,322,IF Elfsborg,Swedish Allsvenskan,1.32,1.68,38.34
323,323,Central Córdoba Santiago del Estero,Argentina Primera Division,1.05,1.35,38.26
324,324,Swansea City,English League Championship,1.21,1.56,38.09
325,325,Vissel Kobe,Japanese J League,1.16,1.49,38.08
326,326,Randers FC,Danish SAS-Ligaen,1.14,1.47,37.98
327,327,Portland Timbers,Major League Soccer,1.31,1.68,37.94
328,328,Fatih Karagümrük,Turkish Turkcell Super Lig,1.13,1.46,37.85
329,329,Guingamp,French Ligue 2,1.18,1.53,37.77
330,330,Chicago Fire,Major League Soccer,1.2,1.56,37.73
331,331,Orlando City SC,Major League Soccer,1.23,1.6,37.59
332,332,Hartberg,Austrian T-Mobile Bundesliga,1.23,1.6,37.59
333,333,Birmingham,English League Championship,1.14,1.5,37.36
334,334,SC Paderborn,German 2. Bundesliga,1.25,1.64,37.29
335,335,WSG Swarovski Wattens,Austrian T-Mobile Bundesliga,1.4,1.82,37.28
336,336,Rosario Central,Argentina Primera Division,1.23,1.61,37.25
337,337,Kairat Almaty,UEFA Europa Conference League,1.17,1.55,37.23
338,338,Frosinone,Italy Serie B,1.19,1.58,37.06
339,339,AIK,Swedish Allsvenskan,1.13,1.51,36.97
340,340,Racing Club,Argentina Primera Division,0.95,1.29,36.96
341,342,FC Tokyo,Japanese J League,1.02,1.38,36.89
342,343,Sochaux,French Ligue 2,0.95,1.29,36.8
343,344,OH Leuven,Belgian Jupiler League,1.34,1.78,36.73
344,345,Belenenses,Portuguese Liga,1.0,1.36,36.69
345,346,Livingston,Scottish Premiership,1.05,1.43,36.64
346,347,Gazisehir Gaziantep,Turkish Turkcell Super Lig,1.17,1.58,36.61
347,348,Flora,UEFA Europa Conference League,1.34,1.78,36.57
348,349,Cambuur Leeuwarden,Dutch Eredivisie,1.4,1.86,36.49
349,350,KV Kortrijk,Belgian Jupiler League,1.19,1.61,36.44
350,351,FC St. Pauli,German 2. Bundesliga,1.29,1.73,36.42
351,352,Nagoya Grampus Eight,Japanese J League,0.91,1.26,36.37
352,353,Hatayspor,Turkish Turkcell Super Lig,1.29,1.74,36.33
353,354,San Jose Earthquakes,Major League Soccer,1.37,1.85,36.22
354,355,Newell's Old Boys,Argentina Primera Division,0.99,1.37,36.06
355,356,Toluca,Mexican Primera Division Torneo Clausura,1.21,1.66,35.94
356,357,Fortuna Sittard,Dutch Eredivisie,1.29,1.76,35.92
357,358,Caen,French Ligue 2,1.07,1.48,35.86
358,359,Godoy Cruz,Argentina Primera Division,1.07,1.49,35.85
359,360,Viborg,Danish SAS-Ligaen,1.12,1.56,35.84
360,361,Gimnasia La Plata,Argentina Primera Division,0.94,1.33,35.84
361,362,FC Ufa,Russian Premier Liga,0.89,1.26,35.84
362,363,Kayserispor,Turkish Turkcell Super Lig,1.23,1.7,35.67
363,364,Hull City,English League Championship,0.96,1.36,35.67
364,365,Ascoli,Italy Serie B,0.93,1.33,35.62
365,366,Odense BK,Danish SAS-Ligaen,1.13,1.58,35.58
366,367,BK Hacken,Swedish Allsvenskan,1.36,1.86,35.54
367,368,Cremonese,Italy Serie B,1.07,1.51,35.52
368,341,Las Palmas,Spanish Segunda Division,0.95,1.35,35.52
369,370,Dijon FCO,French Ligue 2,1.16,1.62,35.45
370,371,SK Austria Klagenfurt,Austrian T-Mobile Bundesliga,1.2,1.68,35.39
371,372,Hibernian,Scottish Premiership,0.93,1.33,35.3
372,373,Stromsgodset,Norwegian Tippeligaen,1.24,1.74,35.19
373,369,Eibar,Spanish Segunda Division,0.95,1.37,35.14
374,374,Real Oviedo,Spanish Segunda Division,0.93,1.34,35.11
375,375,Tondela,Portuguese Liga,1.08,1.54,35.11
376,376,San Lorenzo,Argentina Primera Division,0.95,1.38,35.02
377,400,Tenerife,Spanish Segunda Division,0.88,1.29,34.99
378,377,Ionikos FC,Greek Super League,1.08,1.55,34.99
379,378,Holstein Kiel,German 2. Bundesliga,1.21,1.71,34.85
380,379,1. FC Heidenheim 1846,German 2. Bundesliga,1.12,1.61,34.8
381,380,FC Nordsjaelland,Danish SAS-Ligaen,1.14,1.63,34.78
382,381,FC Cartagena,Spanish Segunda Division,1.09,1.58,34.53
383,382,Aberdeen,Scottish Premiership,0.95,1.4,34.53
384,383,Sporting Kansas City,Major League Soccer,1.08,1.58,34.47
385,384,Kashiwa Reysol,Japanese J League,1.04,1.53,34.44
386,385,Standard Liege,Belgian Jupiler League,1.01,1.49,34.41
387,386,Sagan Tosu,Japanese J League,0.98,1.46,34.24
388,387,Dundee Utd,Scottish Premiership,0.94,1.41,34.18
389,388,Reading,English League Championship,1.12,1.64,34.17
390,389,Karlsruher SC,German 2. Bundesliga,1.26,1.81,34.16
391,390,AC Ajaccio,French Ligue 2,0.69,1.06,34.16
392,391,Hansa Rostock,German 2. Bundesliga,1.08,1.59,34.14
393,392,DC United,Major League Soccer,1.15,1.69,34.05
394,393,Colon Santa Fe,Argentina Primera Division,0.92,1.39,33.95
395,394,Perugia,Italy Serie B,0.83,1.28,33.87
396,395,FC Juárez,Mexican Primera Division Torneo Clausura,0.92,1.4,33.81
397,396,Sarpsborg,Norwegian Tippeligaen,1.14,1.69,33.81
398,397,FC Lugano,Swiss Raiffeisen Super League,1.13,1.69,33.64
399,398,Melbourne City,Australian A-League,1.18,1.76,33.54
400,399,Sheffield Wednesday,English League One,1.12,1.68,33.52
401,401,FK Nizhny Novgorod,Russian Premier Liga,0.82,1.27,33.52
402,402,Jablonec,UEFA Europa Conference League,1.09,1.64,33.5
403,403,Platense,Argentina Primera Division,1.01,1.54,33.47
404,404,Amiens,French Ligue 2,0.85,1.33,33.42
405,405,Real Zaragoza,Spanish Segunda Division,0.9,1.4,33.35
406,406,Rubin Kazan,Russian Premier Liga,1.07,1.62,33.27
407,407,NS Mura,UEFA Europa Conference League,1.09,1.66,33.24
408,408,Mirandes,Spanish Segunda Division,1.01,1.54,33.21
409,409,Ternana,Italy Serie B,1.23,1.83,33.11
410,410,Pisa,Italy Serie B,0.91,1.42,33.09
411,411,SD Huesca,Spanish Segunda Division,0.91,1.42,32.99
412,416,Vancouver Whitecaps,Major League Soccer,1.13,1.72,32.89
413,412,Grasshoppers Zürich,Swiss Raiffeisen Super League,1.16,1.76,32.89
414,413,Valerenga,Norwegian Tippeligaen,1.09,1.67,32.86
415,414,IFK Norrkoping,Swedish Allsvenskan,1.14,1.75,32.77
416,415,Leganes,Spanish Segunda Division,0.9,1.42,32.74
417,417,Milton Keynes Dons,English League One,0.98,1.54,32.61
418,418,Avispa Fukuoka,Japanese J League,0.74,1.21,32.58
419,419,Hannover 96,German 2. Bundesliga,1.01,1.6,32.35
420,420,Mamelodi Sundowns,South African ABSA Premier League,0.93,1.49,32.28
421,421,Sunderland,English League One,1.01,1.6,32.23
422,422,Patronato,Argentina Primera Division,0.91,1.46,32.21
423,423,KV Oostende,Belgian Jupiler League,1.01,1.61,32.04
424,424,Ross County,Scottish Premiership,1.07,1.69,32.04
425,425,Jahn Regensburg,German 2. Bundesliga,1.1,1.73,31.97
426,426,Giresunspor,Turkish Turkcell Super Lig,0.97,1.56,31.95
427,427,SV Ried,Austrian T-Mobile Bundesliga,1.07,1.7,31.94
428,428,Volos NFC,Greek Super League,0.97,1.56,31.92
429,429,1. FC Nürnberg,German 2. Bundesliga,1.12,1.77,31.85
430,430,Cittadella,Italy Serie B,0.71,1.21,31.83
431,431,Jiangsu Suning FC,Chinese Super League,1.06,1.7,31.67
432,432,AGF Aarhus,Danish SAS-Ligaen,0.95,1.55,31.51
433,433,FC Sion,Swiss Raiffeisen Super League,1.16,1.86,31.26
434,434,Sarmiento,Argentina Primera Division,0.87,1.46,31.24
435,435,Charlotte FC,Major League Soccer,0.97,1.6,31.21
436,436,FC Cincinnati,Major League Soccer,1.2,1.91,31.2
437,437,Shandong Luneng,Chinese Super League,1.17,1.87,31.13
438,439,Nimes,French Ligue 2,0.97,1.64,30.55
439,440,Motherwell,Scottish Premiership,1.01,1.69,30.55
440,441,IFK Goteborg,Swedish Allsvenskan,0.95,1.62,30.38
441,442,Spal,Italy Serie B,0.95,1.63,30.18
442,443,Inter Miami CF,Major League Soccer,1.03,1.76,29.96
443,444,Oxford United,English League One,1.17,1.94,29.96
444,445,Como,Italy Serie B,1.04,1.77,29.96
445,446,UD Ibiza,Spanish Segunda Division,0.93,1.62,29.87
446,438,San Antonio FC,United Soccer League,1.01,1.74,29.76
447,447,Bastia,French Ligue 2,0.77,1.4,29.71
448,448,Ipswich Town,English League One,0.77,1.41,29.62
449,449,Toronto FC,Major League Soccer,1.2,2.0,29.62
450,450,Caykur Rizespor,Turkish Turkcell Super Lig,1.12,1.9,29.59
451,451,Servette,Swiss Raiffeisen Super League,1.15,1.94,29.59
452,452,Gamba Osaka,Japanese J League,0.94,1.66,29.52
453,453,Wigan,English League One,1.01,1.75,29.45
454,454,Burgos,Spanish Segunda Division,0.73,1.37,29.39
455,455,Houston Dynamo,Major League Soccer,1.01,1.75,29.35
456,456,Portsmouth,English League One,0.98,1.72,29.35
457,457,Aalesund,Norwegian Tippeligaen,0.97,1.71,29.2
458,458,HJK Helsinki,UEFA Europa Conference League,0.89,1.61,29.07
459,459,Bolton,English League One,0.97,1.74,28.92
460,460,Peterborough United,English League Championship,1.02,1.81,28.92
461,461,Maccabi Haifa,UEFA Europa Conference League,0.79,1.48,28.84
462,462,Kalmar FF,Swedish Allsvenskan,0.92,1.68,28.58
463,463,SV Zulte Waregem,Belgian Jupiler League,1.13,1.97,28.56
464,464,SV Sandhausen,German 2. Bundesliga,0.96,1.75,28.46
465,465,Sydney FC,Australian A-League,1.1,1.95,28.38
466,466,FC Arsenal Tula,Russian Premier Liga,0.94,1.72,28.27
467,467,Haugesund,Norwegian Tippeligaen,1.11,1.98,28.16
468,468,Asteras Tripolis,Greek Super League,0.76,1.47,28.15
469,469,SD Ponferradina,Spanish Segunda Division,0.94,1.74,28.1
470,470,AD Alcorcon,Spanish Segunda Division,0.78,1.51,27.86
471,471,Giannina,Greek Super League,0.74,1.47,27.83
472,472,FC Trenkwalder Admira,Austrian T-Mobile Bundesliga,0.92,1.73,27.8
473,473,Le Havre,French Ligue 2,0.79,1.54,27.74
474,474,Barnsley,English League Championship,0.88,1.68,27.63
475,475,St Mirren,Scottish Premiership,0.72,1.44,27.61
476,476,Melbourne Victory,Australian A-League,0.99,1.84,27.59
477,477,Amorebieta,Spanish Segunda Division,0.81,1.57,27.57
478,478,Grenoble,French Ligue 2,0.67,1.37,27.53
479,479,Arsenal Sarandi,Argentina Primera Division,0.78,1.54,27.44
480,480,Sporting Gijón,Spanish Segunda Division,0.71,1.44,27.36
481,481,OFI Crete,Greek Super League,0.88,1.69,27.35
482,482,Lugo,Spanish Segunda Division,0.77,1.54,27.28
483,483,Atlético Tucumán,Argentina Primera Division,0.87,1.69,27.11
484,484,Altay,Turkish Turkcell Super Lig,0.83,1.66,26.84
485,485,Wycombe Wanderers,English League One,0.86,1.7,26.78
486,486,Dynamo Dresden,German 2. Bundesliga,0.88,1.73,26.75
487,492,Tampa Bay Rowdies,United Soccer League,0.93,1.8,26.67
488,487,Eupen,Belgian Jupiler League,0.93,1.82,26.48
489,488,Pau,French Ligue 2,0.86,1.72,26.47
490,489,Cashpoint SC Rheindorf Altach,Austrian T-Mobile Bundesliga,0.84,1.69,26.39
491,491,KFCO Beerschot-Wilrijk,Belgian Jupiler League,1.01,1.95,26.25
492,493,Mjallby,Swedish Allsvenskan,0.75,1.59,25.8
493,494,Kyoto Purple Sanga,Japanese J League,0.78,1.64,25.77
494,495,Crotone,Italy Serie B,0.88,1.79,25.74
495,496,Dundee,Scottish Premiership,0.88,1.81,25.51
496,497,Consadole Sapporo,Japanese J League,0.89,1.83,25.47
497,490,Louisville City FC,United Soccer League,0.9,1.85,25.43
498,498,Shimizu S-Pulse,Japanese J League,0.85,1.78,25.25
499,499,Vejle,Danish SAS-Ligaen,0.89,1.85,25.19
500,500,Niort,French Ligue 2,0.7,1.55,25.18
501,501,Sonderjyske,Danish SAS-Ligaen,0.88,1.83,25.12
502,502,Jubilo Iwata,Japanese J League,0.86,1.8,25.04
503,503,Shonan Bellmare,Japanese J League,0.73,1.61,25.03
504,504,Rotherham United,English League One,0.68,1.55,24.82
505,505,Tromso,Norwegian Tippeligaen,0.87,1.84,24.79
506,506,Atromitos,Greek Super League,0.72,1.61,24.71
507,507,Málaga,Spanish Segunda Division,0.68,1.56,24.61
508,508,Aldosivi,Argentina Primera Division,0.79,1.75,24.39
509,509,Odd BK,Norwegian Tippeligaen,0.93,1.97,24.24
510,510,Real Sociedad II,Spanish Segunda Division,0.79,1.75,24.23
511,511,Valenciennes,French Ligue 2,0.69,1.61,23.9
512,512,Panetolikos,Greek Super League,0.67,1.59,23.85
513,513,FC Ingolstadt 04,German 2. Bundesliga,0.82,1.83,23.77
514,514,Western Sydney FC,Australian A-League,0.98,2.08,23.74
515,515,Western United,Australian A-League,0.91,1.96,23.73
516,516,Vicenza,Italy Serie B,0.7,1.65,23.66
517,517,Sandefjord,Norwegian Tippeligaen,0.93,2.0,23.62
518,518,Adelaide United,Australian A-League,0.9,1.96,23.54
519,519,St Johnstone,Scottish Premiership,0.63,1.55,23.4
520,520,Hamarkamaratene,Norwegian Tippeligaen,0.78,1.79,23.39
521,521,Lausanne Sports,Swiss Raiffeisen Super League,0.99,2.12,23.3
522,522,New Mexico United,United Soccer League,0.84,1.89,23.27
523,523,IK Sirius,Swedish Allsvenskan,0.95,2.07,23.13
524,524,Tianjin Teda,Chinese Super League,0.84,1.91,23.09
525,525,Central Coast Mariners,Australian A-League,1.0,2.16,22.97
526,526,Newcastle Jets,Australian A-League,0.93,2.06,22.94
527,527,Reggina,Italy Serie B,0.61,1.56,22.66
528,530,Pittsburgh Riverhounds,United Soccer League,0.8,1.88,22.58
529,528,Kristiansund BK,Norwegian Tippeligaen,0.91,2.07,22.35
530,531,Fuenlabrada,Spanish Segunda Division,0.75,1.84,22.03
531,533,Rodez,French Ligue 2,0.56,1.52,22.0
532,534,Plymouth Argyle,English League One,0.65,1.7,21.62
533,529,El Paso Locomotive FC,United Soccer League,0.82,1.98,21.56
534,532,San Diego Loyal SC,United Soccer League,0.96,2.21,21.53
535,535,Shanghai Greenland,Chinese Super League,0.9,2.12,21.53
536,536,Kaizer Chiefs,South African ABSA Premier League,0.57,1.58,21.36
537,544,Colorado Springs Switchbacks FC,United Soccer League,0.84,2.05,21.12
538,537,RFC Seraing,Belgian Jupiler League,0.75,1.9,21.04
539,538,Cosenza,Italy Serie B,0.66,1.76,20.98
540,539,Alessandria,Italy Serie B,0.68,1.79,20.97
541,540,Henan Jianye,Chinese Super League,0.81,2.01,20.91
542,541,Goztepe,Turkish Turkcell Super Lig,0.94,2.22,20.88
543,542,Hebei China Fortune FC,Chinese Super League,0.85,2.08,20.88
544,543,Orlando Pirates,South African ABSA Premier League,0.55,1.62,20.39
545,545,Lincoln City,English League One,0.72,1.93,20.11
546,546,Erzgebirge Aue,German 2. Bundesliga,0.81,2.07,20.11
547,548,Alashkert FC,UEFA Europa Conference League,0.55,1.65,19.93
548,549,Dalian Aerbin,Chinese Super League,0.86,2.17,19.9
549,550,Wuhan Zall,Chinese Super League,0.74,1.97,19.86
550,551,SuperSport United,South African ABSA Premier League,0.6,1.76,19.67
551,547,Arizona United,United Soccer League,0.94,2.33,19.59
552,553,Brisbane Roar,Australian A-League,0.73,2.01,19.17
553,552,Memphis 901 FC,United Soccer League,0.8,2.13,19.17
554,554,Charlton Athletic,English League One,0.63,1.84,19.15
555,555,IFK Värnamo,Swedish Allsvenskan,0.62,1.83,19.02
556,556,Bristol Rovers,English League Two,0.67,1.93,18.87
557,557,Orange County SC,United Soccer League,0.7,1.99,18.85
558,560,Sacramento Republic FC,United Soccer League,0.63,1.88,18.69
559,558,Black Aces,South African ABSA Premier League,0.48,1.6,18.69
560,559,Guangzhou RF,Chinese Super League,1.0,2.51,18.63
561,561,US Quevilly,French Ligue 2,0.54,1.73,18.59
562,562,Macarthur FC,Australian A-League,0.85,2.28,18.34
563,563,Shrewsbury Town,English League One,0.54,1.75,18.31
564,564,Lamia,Greek Super League,0.4,1.5,18.16
565,565,Varbergs BoIS FC,Swedish Allsvenskan,0.59,1.87,17.75
566,566,Stellenbosch FC,South African ABSA Premier League,0.42,1.57,17.67
567,567,Pordenone Calcio,Italy Serie B,0.62,1.94,17.63
568,569,Chongqing Lifan,Chinese Super League,0.65,2.0,17.48
569,570,Miami FC,United Soccer League,0.6,1.94,17.22
570,573,Birmingham Legion FC,United Soccer League,0.61,1.96,17.19
571,571,Yeni Malatyaspor,Turkish Turkcell Super Lig,0.61,1.95,17.18
572,572,Tianjin Quanujian,Chinese Super League,0.72,2.17,17.13
573,574,Bloem Celtic,South African ABSA Premier League,0.6,1.95,17.0
574,575,AS Nancy Lorraine,French Ligue 2,0.68,2.12,16.89
575,580,Oakland Roots,United Soccer League,0.66,2.08,16.75
576,576,Shenzhen FC,Chinese Super League,0.75,2.25,16.73
577,577,Swindon Town,English League Two,0.68,2.12,16.7
578,568,Rio Grande Valley FC Toros,United Soccer League,0.63,2.04,16.69
579,578,Cheltenham Town,English League One,0.8,2.37,16.37
580,579,Dunkerque,French Ligue 2,0.47,1.82,15.56
581,581,Wellington Phoenix,Australian A-League,0.73,2.37,15.16
582,582,Accrington Stanley,English League One,0.72,2.38,14.79
583,583,Golden Arrows,South African ABSA Premier League,0.46,1.91,14.53
584,584,Burton Albion,English League One,0.54,2.07,14.52
585,585,Helsingborgs IF,Swedish Allsvenskan,0.55,2.09,14.5
586,586,Mansfield Town,English League Two,0.56,2.12,14.3
587,587,Port Vale,English League Two,0.48,1.96,14.27
588,588,Degerfors IF,Swedish Allsvenskan,0.6,2.22,14.16
589,589,Fleetwood Town,English League One,0.63,2.28,14.0
590,590,Lincoln Red Imps,UEFA Europa Conference League,0.58,2.2,13.96
591,591,Cambridge United,English League One,0.54,2.13,13.95
592,592,Salford City,English League Two,0.48,2.01,13.74
593,593,AmaZulu,South African ABSA Premier League,0.25,1.58,13.11
594,594,Apollon Smyrni,Greek Super League,0.38,1.88,13.0
595,600,Hartford Athletic,United Soccer League,0.54,2.23,12.91
596,595,Exeter City,English League Two,0.38,1.89,12.83
597,596,FK Jerv,Norwegian Tippeligaen,0.46,2.07,12.81
598,598,GIF Sundsvall,Swedish Allsvenskan,0.55,2.26,12.72
599,599,Northampton Town,English League Two,0.38,1.92,12.65
600,597,Detroit City FC,United Soccer League,0.52,2.21,12.61
601,602,Indy Eleven,United Soccer League,0.49,2.16,12.42
602,601,Sutton United,English League Two,0.47,2.18,12.05
603,603,Guizhou Renhe,Chinese Super League,0.51,2.26,11.96
604,605,Leyton Orient,English League Two,0.38,2.03,11.53
605,606,Perth Glory,Australian A-League,0.5,2.32,11.36
606,607,Tranmere Rovers,English League Two,0.34,1.97,11.32
607,604,Tulsa Roughnecks,United Soccer League,0.54,2.41,11.21
608,608,Forest Green Rovers,English League Two,0.42,2.16,11.2
609,609,Tshakhuma Tsha Madzivhandila,South African ABSA Premier League,0.22,1.69,11.18
610,610,Maritzburg Utd,South African ABSA Premier League,0.25,1.77,11.15
611,611,Moroka Swallows,South African ABSA Premier League,0.32,1.97,10.94
612,612,Morecambe,English League One,0.54,2.45,10.9
613,613,Newport County,English League Two,0.4,2.19,10.64
614,616,LA Galaxy II,United Soccer League,0.49,2.39,10.57
615,614,Sekhukhune United,South African ABSA Premier League,0.2,1.71,10.53
616,615,Chippa United,South African ABSA Premier League,0.2,1.74,10.3
617,617,TS Galaxy,South African ABSA Premier League,0.2,1.8,9.74
618,619,Colchester United,English League Two,0.34,2.21,9.3
619,620,Doncaster Rovers,English League One,0.35,2.27,9.11
620,621,AFC Wimbledon,English League One,0.36,2.29,9.1
621,618,Monterey Bay,United Soccer League,0.37,2.32,9.01
622,625,Charleston Battery,United Soccer League,0.43,2.49,8.83
623,622,Bradford City,English League Two,0.28,2.12,8.76
624,623,Rochdale,English League Two,0.28,2.19,8.37
625,624,Gillingham,English League One,0.2,1.98,8.31
626,626,Crawley Town,English League Two,0.34,2.38,8.19
627,627,Baroka FC,South African ABSA Premier League,0.2,2.03,8.0
628,629,Crewe Alexandra,English League One,0.27,2.33,7.3
629,635,Atlanta United 2,United Soccer League,0.43,2.73,7.3
630,628,Las Vegas Lights FC,United Soccer League,0.3,2.41,7.28
631,630,Harrogate Town,English League Two,0.38,2.62,7.22
632,631,Walsall,English League Two,0.2,2.21,6.87
633,632,Barrow,English League Two,0.2,2.21,6.82
634,633,Loudoun United FC,United Soccer League,0.32,2.64,6.37
635,634,Carlisle United,English League Two,0.2,2.29,6.36
636,636,Stevenage,English League Two,0.2,2.38,5.91
637,637,Hartlepool,English League Two,0.2,2.43,5.68
638,639,New York Red Bulls II,United Soccer League,0.21,2.53,5.37
639,638,Oldham Athletic,English League Two,0.24,2.66,5.18
640,640,Scunthorpe,English League Two,0.2,3.21,2.88
